author_login,commit_count_raw,active_days,avg_additions,avg_deletions,avg_total_changes,max_total_changes,avg_msg_len,weekend_commit_ratio,total_prs,merged_prs,pr_acceptance_rate,commit_count,productivity_score,cluster
davidism,230,65,63.35652173913043,42.99565217391304,106.35217391304349,3357,41.96086956521739,0.3347826086956522,288,285,0.99,230,303.93,288
ydshieh,32,14,64.96875,20.71875,85.6875,613,153.4375,0.03125,1020,916,0.9,32,29.7,278
eps1lon,32,12,154.5,107.28125,261.78125,1763,184.96875,0.09375,540,451,0.84,32,29.4,13
mischnic,34,10,218.0,148.0,366.0,4427,564.5588235294117,0.0,340,285,0.84,34,28.56,27
ezhulenev,21,8,74.76190476190476,21.952380952380953,96.71428571428572,281,183.1428571428571,0.1428571428571428,3,3,1.0,21,24.0,77
unstubbable,25,11,417.04,394.28,811.32,6109,468.32,0.04,331,294,0.89,25,23.14,42
huozhi,24,10,461.0,359.0,820.0,13782,251.91666666666663,0.0833333333333333,1020,896,0.88,24,22.88,19
pgjones,14,13,125.35714285714286,100.64285714285714,226.0,2975,168.71428571428572,0.7857142857142857,35,30,0.86,14,21.499999999999996,294
zucchini-nlp,20,11,535.8,778.7,1314.5,12554,318.15,0.0,298,253,0.85,20,17.0,284
Cyrilvallez,14,9,150.71428571428572,225.3571428571429,376.07142857142856,1840,150.07142857142858,0.0,132,118,0.89,14,12.46,175
dependabot[bot],19,11,5.7368421052631575,5.7368421052631575,11.473684210526317,30,1597.9473684210527,0.1578947368421052,107,60,0.56,19,12.32,289
ijjk,13,4,92.15384615384616,31.53846153846154,123.6923076923077,957,301.53846153846155,0.0,1020,947,0.93,13,12.09,21
sokra,12,6,145.25,52.5,197.75,530,718.3333333333334,0.0,957,847,0.89,12,10.68,39
bgw,11,9,178.9090909090909,111.1818181818182,290.09090909090907,993,850.7272727272727,0.0,335,315,0.94,11,10.34,9
gante,10,8,114.0,395.4,509.4,2525,371.1,0.0,616,539,0.88,10,8.8,228
ztanner,7,6,189.42857142857144,611.0,800.4285714285714,4175,652.7142857142857,0.2857142857142857,633,579,0.91,7,8.19,46
pre-commit-ci[bot],8,7,1.0,1.0,2.0,2,166.0,0.0,40,36,0.9,8,7.2,295
gnoff,7,6,38.142857142857146,11.0,49.142857142857146,127,431.7142857142857,0.1428571428571428,162,136,0.84,7,6.72,17
lukesandberg,7,6,77.28571428571429,45.0,122.28571428571428,408,717.7142857142857,0.0,83,69,0.83,7,5.81,26
eustlb,8,5,539.75,42.0,581.75,4198,441.5,0.0,42,29,0.69,8,5.52,226
icyJoseph,7,4,19.142857142857142,3.2857142857142856,22.428571428571427,107,208.1428571428571,0.0,70,54,0.77,7,5.390000000000001,20
LysandreJik,6,5,335.0,130.83333333333334,465.8333333333333,1339,629.8333333333334,0.0,555,484,0.87,6,5.22,191
RobPruzan,7,6,799.1428571428571,377.42857142857144,1176.571428571429,4487,794.4285714285714,0.1428571428571428,14,9,0.64,7,5.12,4
jiqing-feng,6,5,32.333333333333336,4.333333333333333,36.666666666666664,85,425.1666666666667,0.0,67,54,0.81,6,4.86,236
wyattjoh,6,5,638.0,65.83333333333333,703.8333333333334,1508,1416.1666666666667,0.0,307,243,0.79,6,4.74,44
stevhliu,5,3,103.6,99.0,202.6,421,97.2,0.0,145,131,0.9,5,4.5,268
sbucaille,6,5,54.0,38.666666666666664,92.66666666666669,186,267.0,0.0,16,11,0.69,6,4.14,263
ArthurZucker,4,4,530.5,1479.25,2009.75,7901,817.5,0.25,452,371,0.82,4,4.1,171
qubvel,5,5,196.2,162.8,359.0,1215,293.6,0.0,88,71,0.81,5,4.050000000000001,252
Resistor-git,2,1,0.5,0.5,1.0,2,50.0,1.0,1,1,1.0,2,4.0,285
vasqu,5,4,10.0,2.4,12.4,46,104.2,0.0,41,32,0.78,5,3.9000000000000004,272
cyyever,5,3,480.4,511.2,991.6,4439,197.6,0.0,56,43,0.77,5,3.85,217
yao-matrix,4,3,48.5,25.25,73.75,172,519.0,0.0,53,51,0.96,4,3.84,276
remi-or,4,3,66.75,25.75,92.5,217,366.25,0.0,21,20,0.95,4,3.8,256
yaswanth19,5,3,1608.2,39.4,1647.6,4924,818.8,0.0,18,13,0.72,5,3.5999999999999996,277
SunMarc,4,4,53.0,4.75,57.75,188,215.0,0.0,135,119,0.88,4,3.52,204
Rocketknight1,4,3,74.25,59.0,133.25,512,134.25,0.0,398,351,0.88,4,3.52,200
kylesayrs,4,3,23.25,10.75,34.0,58,401.5,0.0,15,13,0.87,4,3.48,242
avihu111,3,3,14.666666666666666,14.666666666666666,29.333333333333332,39,985.0,0.0,3,3,1.0,3,3.0,213
fireairforce,3,3,19.0,2.3333333333333335,21.333333333333332,46,993.3333333333334,0.0,8,8,1.0,3,3.0,15
dross20,3,3,114.0,41.666666666666664,155.66666666666666,175,309.3333333333333,0.0,6,6,1.0,3,3.0,219
Cy-Tek,3,3,147.33333333333334,14.666666666666666,162.0,213,903.3333333333334,0.0,16,16,1.0,3,3.0,1
dnhn,2,2,84.5,1.0,85.5,169,139.0,0.5,5,5,1.0,2,3.0,12
styfle,3,2,90.33333333333331,38.333333333333336,128.66666666666666,253,303.0,0.0,566,521,0.92,3,2.7600000000000002,40
acdlite,3,2,129.33333333333334,31.0,160.33333333333334,339,700.3333333333334,0.0,145,131,0.9,3,2.7,6
padmaia,3,3,16.333333333333332,4.666666666666667,21.0,30,1131.0,0.0,96,83,0.86,3,2.58,30
yonigozlan,2,2,41.5,3.5,45.0,86,81.5,0.5,88,74,0.84,2,2.52,279
terryheo,4,3,132.5,117.5,250.0,336,209.0,0.0,26,16,0.62,4,2.48,111
kdy1,3,2,56.666666666666664,56.0,112.66666666666669,274,306.3333333333333,0.0,669,541,0.81,3,2.43,22
Tixxx,2,2,344.0,39.0,383.0,720,867.5,0.0,3,3,1.0,2,2.0,53
BenjaminBossan,2,1,14.5,3.5,18.0,32,298.5,0.0,11,11,1.0,2,2.0,172
reedwm,2,2,429.0,429.0,858.0,858,1197.0,0.0,30,30,1.0,2,2.0,103
strugee,1,1,1.0,1.0,2.0,2,28.0,1.0,1,1,1.0,1,2.0,33
eromomon,2,2,6.0,6.5,12.5,22,189.5,0.0,2,2,1.0,2,2.0,225
firefly-cpp,1,1,1.0,1.0,2.0,2,50.0,1.0,1,1,1.0,1,2.0,33
chsigg,3,3,267.6666666666667,20.666666666666668,288.3333333333333,756,330.3333333333333,0.3333333333333333,2,1,0.5,3,2.0,70
bzhangGo,2,2,2599.5,10.0,2609.5,5148,766.5,0.0,2,2,1.0,2,2.0,216
kidonng,1,1,1.0,2.0,3.0,3,749.0,1.0,2,2,1.0,1,2.0,23
kotvkvante,1,1,2.0,2.0,4.0,4,38.0,1.0,1,1,1.0,1,2.0,292
rajrawat37,1,1,1.0,1.0,2.0,2,2666.0,1.0,1,1,1.0,1,2.0,33
kurtatter,1,1,4.0,1.0,5.0,5,37.0,1.0,1,1,1.0,1,2.0,293
rtg0795,2,2,6.5,12.0,18.5,36,62.0,0.0,43,40,0.93,2,1.86,104
delbaoliveira,2,2,3539.0,0.5,3539.5,7047,311.0,0.0,278,256,0.92,2,1.84,11
Isotr0py,2,2,12.5,4.5,17.0,22,433.5,0.0,25,23,0.92,2,1.84,182
timneutkens,2,2,38.5,7.5,46.0,90,334.0,0.0,1020,933,0.91,2,1.82,41
winglian,3,3,5.0,1.0,6.0,8,96.33333333333331,0.0,45,27,0.6,3,1.7999999999999998,274
MekkCyber,2,2,8.0,21.5,29.5,56,118.0,0.0,82,73,0.89,2,1.78,194
RyanMullins,2,2,4367.5,6.0,4373.5,8723,13874.0,0.0,9,8,0.89,2,1.78,201
raunofreiberg,2,2,322.5,13.5,336.0,663,507.0,0.0,35,30,0.86,2,1.72,34
gaojude,2,2,46.5,1.0,47.5,91,117.5,0.0,134,108,0.81,2,1.62,16
lhoestq,2,2,301.0,321.5,622.5,798,624.0,0.0,25,20,0.8,2,1.6,243
rasmi,2,2,1.0,2.0,3.0,4,107.5,0.0,5,4,0.8,2,1.6,254
ivarflakstad,2,1,2.5,0.5,3.0,4,78.0,0.0,43,34,0.79,2,1.58,234
SyMind,2,2,117.5,90.0,207.5,385,1713.0,0.0,23,18,0.78,2,1.56,5
molbap,2,2,155.0,7.5,162.5,310,150.0,0.0,55,43,0.78,2,1.56,247
bvantuan,3,3,98.0,50.666666666666664,148.66666666666666,327,307.6666666666667,0.0,6,3,0.5,3,1.5,215
zRzRzRzRzRzRzR,3,3,2338.3333333333335,30.333333333333332,2368.6666666666665,6849,819.6666666666666,0.0,8,4,0.5,3,1.5,282
Vaibhavs10,2,2,40.0,22.0,62.0,94,208.0,0.0,8,6,0.75,2,1.5,207
greyli,1,1,1.0,1.0,2.0,2,25.0,1.0,76,54,0.71,1,1.42,290
paulpak58,2,1,822.5,7.0,829.5,1651,535.5,0.0,3,2,0.67,2,1.34,249
zqw86713,3,2,10.333333333333334,0.3333333333333333,10.666666666666666,22,72.33333333333333,0.3333333333333333,3,1,0.33,3,1.3199999999999998,118
ahadnagy,2,1,92.0,7.0,99.0,196,199.0,0.0,11,7,0.64,2,1.28,210
manueldeprada,2,2,20.5,2.0,22.5,23,191.0,0.0,20,12,0.6,2,1.2,244
bgub,2,2,1.0,0.5,1.5,2,105.5,0.0,7,4,0.57,2,1.14,8
MilkClouds,1,1,2.0,2.0,4.0,4,172.0,0.0,2,2,1.0,1,1.0,186
dhruvmalik007,1,1,80.0,34.0,114.0,114,376.0,0.0,1,1,1.0,1,1.0,218
HollowMan6,1,1,9.0,1.0,10.0,10,313.0,0.0,2,2,1.0,1,1.0,32
DavidS2106,1,1,5.0,1.0,6.0,6,298.0,0.0,1,1,1.0,1,1.0,37
Bpriya42,1,1,125.0,234.0,359.0,359,1479.0,0.0,1,1,1.0,1,1.0,173
NahieliV,1,1,499.0,47.0,546.0,546,454.0,0.0,2,2,1.0,1,1.0,196
ChongYou,1,1,2.0,1.0,3.0,3,122.0,0.0,1,1,1.0,1,1.0,35
Shohail-Ismail,1,1,2.0,1.0,3.0,3,148.0,0.0,1,1,1.0,1,1.0,35
edwko,1,1,34.0,1.0,35.0,35,341.0,0.0,1,1,1.0,1,1.0,221
emanrissha,1,1,99.0,120.0,219.0,219,3250.0,0.0,1,1,1.0,1,1.0,224
dsnsabari,1,1,20.0,10.0,30.0,30,1877.0,0.0,1,1,1.0,1,1.0,220
LckyLke,1,1,85.0,13.0,98.0,98,197.0,0.0,1,1,1.0,1,1.0,189
dggaytan,1,1,2.0,2.0,4.0,4,116.0,0.0,1,1,1.0,1,1.0,186
Kuangdd01,1,1,127.0,23.0,150.0,150,365.0,0.0,2,2,1.0,1,1.0,188
IliasAarab,1,1,1.0,0.0,1.0,1,101.0,0.0,1,1,1.0,1,1.0,180
farrosalferro,1,1,223.0,79.0,302.0,302,409.0,0.0,2,2,1.0,1,1.0,227
ParagEkbote,1,1,90.0,84.0,174.0,174,735.0,0.0,6,6,1.0,1,1.0,198
Stonepia,1,1,57.0,27.0,84.0,84,444.0,0.0,1,1,1.0,1,1.0,203
MShaheerMalik77,1,1,88.0,33.0,121.0,121,346.0,0.0,1,1,1.0,1,1.0,192
alvarobartt,1,1,1.0,1.0,2.0,2,48.0,0.0,5,5,1.0,1,1.0,14
JoosunH,1,1,454.0,0.0,454.0,454,1758.0,0.0,1,1,1.0,1,1.0,185
KKZ20,1,1,3.0,1.0,4.0,4,53.0,0.0,1,1,1.0,1,1.0,186
Xiang-cd,1,1,1.0,1.0,2.0,2,55.0,0.0,1,1,1.0,1,1.0,14
VladimirGutuev,1,1,2.0,2.0,4.0,4,244.0,0.0,1,1,1.0,1,1.0,186
Tavish9,1,1,32.0,25.0,57.0,57,200.0,0.0,3,3,1.0,1,1.0,206
davanstrien,1,1,1.0,1.0,2.0,2,34.0,0.0,2,2,1.0,1,1.0,14
Anas-github-acc,1,1,182.0,81.0,263.0,263,510.0,0.0,1,1,1.0,1,1.0,0
giuseppeCoccia,1,1,73.0,18.0,91.0,91,372.0,0.0,1,1,1.0,1,1.0,229
azmeuk,1,1,6.0,0.0,6.0,6,235.0,0.0,1,1,1.0,1,1.0,37
zhaiji0727,1,1,6.0,2.0,8.0,8,272.0,0.0,1,1,1.0,1,1.0,239
zrohyun,1,1,20.0,20.0,40.0,40,901.0,0.0,1,1,1.0,1,1.0,283
CheeseCake87,1,1,2.0,1.0,3.0,3,183.0,0.0,1,1,1.0,1,1.0,35
CoolCat467,1,1,6.0,0.0,6.0,6,36.0,0.0,1,1,1.0,1,1.0,37
JamesMRamm,1,1,1.0,1.0,2.0,2,54.0,0.0,1,1,1.0,1,1.0,14
Siecje,1,1,4.0,1.0,5.0,5,27.0,0.0,1,1,1.0,1,1.0,231
ThisIzAli2,1,1,1.0,1.0,2.0,2,45.0,1.0,2,1,0.5,1,1.0,286
akinolaemmanuel49,1,1,5.0,1.0,6.0,6,115.0,0.0,1,1,1.0,1,1.0,37
amrear,1,1,1.0,1.0,2.0,2,39.0,0.0,1,1,1.0,1,1.0,14
dannyi96,1,1,3.0,1.0,4.0,4,33.0,0.0,1,1,1.0,1,1.0,186
guang-yng,1,1,109.0,30.0,139.0,139,1058.0,0.0,1,1,1.0,1,1.0,230
dunkmann00,1,1,5.0,1.0,6.0,6,533.0,0.0,1,1,1.0,1,1.0,37
huebs,1,1,2.0,2.0,4.0,4,52.0,0.0,1,1,1.0,1,1.0,186
lizardwine,1,1,4.0,1.0,5.0,5,62.0,0.0,1,1,1.0,1,1.0,231
nick2202,1,1,1.0,1.0,2.0,2,42.0,0.0,1,1,1.0,1,1.0,14
r04922101,1,1,10.0,1.0,11.0,11,36.0,0.0,1,1,1.0,1,1.0,296
raboof,1,1,1.0,1.0,2.0,2,50.0,0.0,1,1,1.0,1,1.0,14
s-hamann,1,1,0.0,13.0,13.0,13,139.0,0.0,1,1,1.0,1,1.0,297
seiji-alyosha,1,1,4.0,4.0,8.0,8,81.0,0.0,1,1,1.0,1,1.0,239
webknjaz,1,1,5.0,3.0,8.0,8,209.0,0.0,1,1,1.0,1,1.0,239
ybkurt,1,1,2.0,2.0,4.0,4,39.0,0.0,1,1,1.0,1,1.0,186
wjdghks950,1,1,1.0,1.0,2.0,2,274.0,0.0,1,1,1.0,1,1.0,14
umarbutler,1,1,2.0,2.0,4.0,4,253.0,0.0,3,3,1.0,1,1.0,186
tvukovic-amd,1,1,1.0,1.0,2.0,2,190.0,0.0,1,1,1.0,1,1.0,14
gudwls215,1,1,3.0,2.0,5.0,5,254.0,0.0,1,1,1.0,1,1.0,231
hellopahe,1,1,20.0,4.0,24.0,24,146.0,0.0,1,1,1.0,1,1.0,232
juliendenize,1,1,3573.0,8.0,3581.0,3581,826.0,0.0,2,2,1.0,1,1.0,237
kaln27,1,1,4.0,4.0,8.0,8,254.0,0.0,1,1,1.0,1,1.0,239
klimarissa17,1,1,1.0,1.0,2.0,2,39.0,0.0,1,1,1.0,1,1.0,14
learning-chip,1,1,1.0,4.0,5.0,5,265.0,0.0,1,1,1.0,1,1.0,231
mylonjones,1,1,2.0,1.0,3.0,3,134.0,0.0,1,1,1.0,1,1.0,35
null-pointer-access,1,1,6.0,4.0,10.0,10,155.0,0.0,1,1,1.0,1,1.0,32
peteryschneider,1,1,5.0,0.0,5.0,5,228.0,0.0,1,1,1.0,1,1.0,231
ranzhejiang,1,1,7.0,0.0,7.0,7,343.0,0.0,1,1,1.0,1,1.0,253
redmoe-moutain,1,1,1239.0,0.0,1239.0,1239,154.0,0.0,1,1,1.0,1,1.0,255
renet10,1,1,23.0,5.0,28.0,28,2637.0,0.0,1,1,1.0,1,1.0,257
richardodliu,1,1,111.0,0.0,111.0,111,848.0,0.0,1,1,1.0,1,1.0,258
rudolfwilliam,1,1,6.0,8.0,14.0,14,131.0,0.0,1,1,1.0,1,1.0,260
sandeepyadav1478,1,1,102.0,57.0,159.0,159,297.0,0.0,1,1,1.0,1,1.0,262
sebastianvlad1,1,1,6.0,1.0,7.0,7,294.0,0.0,1,1,1.0,1,1.0,253
seven-mile,1,1,12.0,10.0,22.0,22,179.0,0.0,2,2,1.0,1,1.0,264
shuminghu,1,1,3262.0,1.0,3263.0,3263,2722.0,0.0,1,1,1.0,1,1.0,265
simonreise,1,1,722.0,51.0,773.0,773,670.0,0.0,4,4,1.0,1,1.0,266
44670,1,1,31.0,0.0,31.0,31,166.0,0.0,1,1,1.0,1,1.0,169
zhuangzhuang,1,1,1.0,1.0,2.0,2,22.0,0.0,1,1,1.0,1,1.0,14
JohannesBuchner,1,1,50.0,35.0,85.0,85,61.0,0.0,1,1,1.0,1,1.0,49
rachnac-emeritus,1,1,5.0,5.0,10.0,10,172.0,0.0,1,1,1.0,1,1.0,32
bchetioui,1,1,47.0,19.0,66.0,66,90.0,0.0,1,1,1.0,1,1.0,64
ankur-arch,1,1,1291.0,0.0,1291.0,1291,532.0,0.0,1,1,1.0,1,1.0,7
carloitaben,1,1,4.0,5.0,9.0,9,115.0,0.0,1,1,1.0,1,1.0,10
ethanniser,1,1,2.0,0.0,2.0,2,2504.0,0.0,1,1,1.0,1,1.0,14
hf,1,1,26.0,18.0,44.0,44,330.0,0.0,1,1,1.0,1,1.0,18
skt-t1-byungi,1,1,28.0,1.0,29.0,29,1220.0,0.0,1,1,1.0,1,1.0,38
maral,1,1,1.0,1.0,2.0,2,1958.0,0.0,1,1,1.0,1,1.0,14
shantanu2307,1,1,4.0,2.0,6.0,6,379.0,0.0,1,1,1.0,1,1.0,37
prateekkish,1,1,39.0,4.0,43.0,43,519.0,0.0,1,1,1.0,1,1.0,31
rortan134,1,1,3.0,0.0,3.0,3,204.0,0.0,2,2,1.0,1,1.0,35
penpornk,1,1,284.0,147.0,431.0,431,909.0,0.0,74,71,0.96,1,0.96,98
IlyasMoutawwakil,1,1,71.0,54.0,125.0,125,544.0,0.0,13,12,0.92,1,0.92,181
tomaarsen,1,1,1.0,1.0,2.0,2,39.0,0.0,30,27,0.9,1,0.9,270
sajadtorkamani,1,1,1.0,1.0,2.0,2,2202.0,1.0,11,5,0.45,1,0.9,36
kmehant,1,1,58.0,8.0,66.0,66,972.0,0.0,9,8,0.89,1,0.89,241
Wauplin,1,1,1.0,3.0,4.0,4,35.0,0.0,37,33,0.89,1,0.89,209
anton-l,1,1,1879.0,0.0,1879.0,1879,570.0,0.0,47,41,0.87,1,0.87,212
kaixuanliu,2,1,9.5,4.5,14.0,19,433.0,0.0,7,3,0.43,2,0.86,238
marcndo,2,2,9.0,0.5,9.5,17,159.5,0.0,7,3,0.43,2,0.86,245
maximizemaxwell,1,1,87.0,0.0,87.0,87,707.0,0.0,7,6,0.86,1,0.86,246
NielsRogge,1,1,0.0,0.0,0.0,0,82.0,0.0,336,277,0.82,1,0.82,197
VladOS95-cyber,1,1,1913.0,0.0,1913.0,1913,1311.0,0.0,16,13,0.81,1,0.81,208
hiyouga,1,1,10.0,3.0,13.0,13,92.0,0.0,16,13,0.81,1,0.81,233
qgallouedec,1,1,1.0,1.0,2.0,2,203.0,0.0,21,17,0.81,1,0.81,251
xenova,1,1,1.0,1.0,2.0,2,47.0,0.0,16,13,0.81,1,0.81,251
Tanuj-rai,2,2,24.5,11.5,36.0,70,483.0,0.0,10,4,0.4,2,0.8,205
yuanwu2017,1,1,22.0,0.0,22.0,22,741.0,0.0,10,8,0.8,1,0.8,280
McPatate,1,1,1.0,19.0,20.0,20,78.0,0.0,16,12,0.75,1,0.75,193
pcuenca,1,1,10.0,5.0,15.0,15,241.0,0.0,31,23,0.74,1,0.74,250
yushi2006,1,1,26.0,10.0,36.0,36,200.0,0.0,6,4,0.67,1,0.67,281
st81,1,1,6.0,4.0,10.0,10,200.0,0.0,3,2,0.67,1,0.67,267
FightingZhen,1,1,10.0,16.0,26.0,26,123.0,0.0,9,6,0.67,1,0.67,178
efsotr,1,1,43.0,2.0,45.0,45,338.0,0.0,6,4,0.67,1,0.67,222
MinJu-Ha,1,1,397.0,115.0,512.0,512,2064.0,0.0,3,2,0.67,1,0.67,195
S1ro1,1,1,0.0,1.0,1.0,1,45.0,0.0,9,6,0.67,1,0.67,202
alex-jw-brooks,1,1,6.0,3.0,9.0,9,93.0,0.0,14,9,0.64,1,0.64,211
lubieowoce,1,1,25.0,10.0,35.0,35,1742.0,0.0,218,140,0.64,1,0.64,25
kashif,1,1,5.0,1.0,6.0,6,169.0,0.0,29,18,0.62,1,0.62,240
apivovarov,1,1,583.0,0.0,583.0,583,829.0,0.0,5,3,0.6,1,0.6,61
JINO-ROHIT,1,1,1.0,1.0,2.0,2,58.0,0.0,5,3,0.6,1,0.6,183
JJJYmmm,1,1,201.0,245.0,446.0,446,183.0,0.0,6,3,0.5,1,0.5,184
LoserCheems,1,1,2624.0,0.0,2624.0,2624,2911.0,0.0,4,2,0.5,1,0.5,190
Phoenix-Shen,1,1,2.0,12.0,14.0,14,532.0,0.0,2,1,0.5,1,0.5,199
jiangwangyi,1,1,0.0,143.0,143.0,143,121.0,0.0,4,2,0.5,1,0.5,235
HRezaei,1,1,117.0,41.0,158.0,158,70.0,0.0,2,1,0.5,1,0.5,179
DWarez,1,1,28.0,0.0,28.0,28,214.0,0.0,2,1,0.5,1,0.5,176
Crystalcareai,1,1,1605.0,0.0,1605.0,1605,1737.0,0.0,2,1,0.5,1,0.5,174
eginhard,1,1,5.0,18.0,23.0,23,102.0,0.0,2,1,0.5,1,0.5,223
thisisiron,1,1,3.0,0.0,3.0,3,259.0,0.0,8,4,0.5,1,0.5,269
buttercrab,1,1,5732.0,28.0,5760.0,5760,6210.0,0.0,2,1,0.5,1,0.5,214
tugsbayasgalan,1,1,97.0,1.0,98.0,98,133.0,0.0,8,4,0.5,1,0.5,271
xadupre,1,1,12.0,1.0,13.0,13,124.0,0.0,6,3,0.5,1,0.5,275
Han5991,1,1,136.0,5.0,141.0,141,2150.0,0.0,2,1,0.5,1,0.5,2
MichalMoravik,1,1,19.0,19.0,38.0,38,2437.0,0.0,2,1,0.5,1,0.5,3
kristian240,1,1,38.0,21.0,59.0,59,1214.0,0.0,4,2,0.5,1,0.5,24
nick20name17,1,1,14.0,4.0,18.0,18,696.0,0.0,2,1,0.5,1,0.5,29
ridima11,1,1,3.0,3.0,6.0,6,56.0,0.0,2,1,0.5,1,0.5,259
xusd320,1,1,7.0,9.0,16.0,16,112.0,0.0,12,5,0.42,1,0.42,45
ved1beta,1,1,1.0,1.0,2.0,2,76.0,0.0,5,2,0.4,1,0.4,273
EduardDurech,1,1,697.0,261.0,958.0,958,1071.0,0.0,3,1,0.33,1,0.33,177
orionw,1,1,2020.0,0.0,2020.0,2020,1093.0,0.0,3,1,0.33,1,0.33,248
ArkVex,1,1,12.0,12.0,24.0,24,173.0,0.0,4,1,0.25,1,0.25,170
Krish0909,1,1,2.0,2.0,4.0,4,446.0,0.0,4,1,0.25,1,0.25,187
sameerajashyam,1,1,2.0,2.0,4.0,4,507.0,0.0,6,1,0.17,1,0.17,261
emilyfertig,3,2,225.66666666666663,7.0,232.66666666666663,577,154.0,0.3333333333333333,0,0,0.0,3,0.0,76
GleasonK,2,2,50.0,4.5,54.5,90,85.0,0.0,0,0,0.0,2,0.0,47
nafi3000,2,2,36.5,36.5,73.0,140,339.5,0.0,0,0,0.0,2,0.0,96
brendon-codes,1,1,22.0,19.0,41.0,41,23.0,0.0,4,0,0.0,1,0.0,287
mwhittaker,1,1,187.0,2.0,189.0,189,2287.0,0.0,0,0,0.0,1,0.0,95
vercel-release-bot,18,10,643.0555555555555,489.22222222222223,1132.2777777777778,13290,154.05555555555554,0.0,0,0,0.0,18,0.0,43
ICGog,4,2,570.5,85.75,656.25,1093,92.5,0.5,0,0,0.0,4,0.0,48
mooskagh,1,1,104.0,100.0,204.0,204,378.0,0.0,0,0,0.0,1,0.0,94
KanishAnand,1,1,1.0,2.0,3.0,3,58.0,0.0,0,0,0.0,1,0.0,50
Moerafaat,1,1,295.0,87.0,382.0,382,300.0,0.0,0,0,0.0,1,0.0,51
mkuperst,4,3,48.5,3.0,51.5,111,240.5,0.0,0,0,0.0,4,0.0,93
SiqiaoWu1993,2,2,8.0,20.5,28.5,51,57.0,0.0,0,0,0.0,2,0.0,52
nvgrw,4,3,40.0,44.0,84.0,218,101.75,0.0,0,0,0.0,4,0.0,97
nextjs-bot,38,16,610.6842105263158,442.6315789473685,1053.3157894736842,18680,31.5,0.1052631578947368,0,0,0.0,38,0.0,28
jayaddison,1,1,15.0,5.0,20.0,20,598.0,0.0,0,0,0.0,1,0.0,291
derdrdirk,2,2,184.0,15.5,199.5,393,234.0,0.0,0,0,0.0,2,0.0,74
WillFroom,21,6,113.1904761904762,23.80952380952381,137.0,523,86.47619047619048,0.0,0,0,0.0,21,0.0,54
ddunl,6,4,24.0,30.166666666666668,54.166666666666664,102,140.33333333333334,0.0,0,0,0.0,6,0.0,73
bmass02,1,1,2.0,0.0,2.0,2,69.0,0.0,0,0,0.0,1,0.0,69
petebu,1,1,1.0,1.0,2.0,2,78.0,0.0,0,0,0.0,1,0.0,69
pifon2a,4,3,42.25,159.25,201.5,548,88.5,0.0,1,0,0.0,4,0.0,99
pineapplejuice233,2,2,3.5,2.5,6.0,6,135.5,0.0,0,0,0.0,2,0.0,100
pizzud,1,1,13.0,5.0,18.0,18,475.0,0.0,0,0,0.0,1,0.0,101
pschuh,8,5,58.125,14.625,72.75,161,153.625,0.125,0,0,0.0,8,0.0,102
sdasgup3,1,1,694.0,23.0,717.0,717,110.0,0.0,0,0,0.0,1,0.0,105
seantalts,3,2,300.6666666666667,48.333333333333336,349.0,816,584.0,0.0,0,0,0.0,3,0.0,106
sergey-kozub,1,1,1016.0,57.0,1073.0,1073,776.0,0.0,0,0,0.0,1,0.0,107
sgarciagoogle,1,1,1.0,1.0,2.0,2,50.0,0.0,0,0,0.0,1,0.0,69
d4n1elchen,1,1,31.0,7.0,38.0,38,78.0,0.0,0,0,0.0,1,0.0,72
metaflow,4,3,638.5,23.5,662.0,2086,208.0,0.0,0,0,0.0,4,0.0,92
adityakakarot,1,1,37.0,81.0,118.0,118,256.0,0.0,0,0,0.0,1,0.0,56
marialyu,1,1,38.0,67.0,105.0,105,71.0,0.0,0,0,0.0,1,0.0,91
ecalubaquib,2,2,190.5,14.0,204.5,402,68.0,0.0,0,0,0.0,2,0.0,75
gflegar,1,1,4.0,4.0,8.0,8,92.0,0.0,0,0,0.0,1,0.0,59
golechwierowicz,1,1,156.0,131.0,287.0,287,95.0,0.0,0,0,0.0,1,0.0,79
eeemmmmmm,1,1,2.0,2.0,4.0,4,129.0,0.0,0,0,0.0,1,0.0,86
hmonishN,1,1,2241.0,1.0,2242.0,2242,638.0,0.0,0,0,0.0,1,0.0,80
isharif168,1,1,41.0,7.0,48.0,48,1596.0,0.0,0,0,0.0,1,0.0,81
iumitakgun,2,2,48.0,24.0,72.0,90,151.0,0.0,0,0,0.0,2,0.0,82
jcai19,4,2,22.0,8.25,30.25,60,131.75,0.0,0,0,0.0,4,0.0,83
jeffreyadean,1,1,35.0,0.0,35.0,35,220.0,0.0,0,0,0.0,1,0.0,84
blakehechtman,1,1,29.0,1.0,30.0,30,164.0,0.0,0,0,0.0,1,0.0,68
jerryxyj,1,1,3.0,0.0,3.0,3,51.0,0.0,0,0,0.0,1,0.0,50
jossb-iso,1,1,0.0,2.0,2.0,2,182.0,0.0,0,0,0.0,1,0.0,69
bixia1,3,1,147.0,29.0,176.0,308,232.66666666666663,0.0,0,0,0.0,3,0.0,67
berkinilbeyi,1,1,21.0,1.0,22.0,22,557.0,0.0,0,0,0.0,1,0.0,66
jparkerh,2,2,245.5,1.0,246.5,492,290.0,0.0,0,0,0.0,2,0.0,85
ZixuanJiang,1,1,41.0,11.0,52.0,52,134.0,0.0,0,0,0.0,1,0.0,55
beckerhe,4,2,292.5,18.0,310.5,888,427.25,0.0,0,0,0.0,4,0.0,65
basioli-k,6,3,366.6666666666667,5.166666666666667,371.8333333333333,1537,122.0,0.0,0,0,0.0,6,0.0,63
bartchr808,1,1,231.0,47.0,278.0,278,81.0,0.0,0,0,0.0,1,0.0,62
amd-songpiao,1,1,186.0,41.0,227.0,227,957.0,0.0,0,0,0.0,1,0.0,60
juliagmt-google,1,1,0.0,4.0,4.0,4,81.0,0.0,0,0,0.0,1,0.0,86
junwhanahn,1,1,0.0,11.0,11.0,11,105.0,0.0,0,0,0.0,1,0.0,87
liepieshov,2,1,63.5,40.5,104.0,188,86.0,0.0,0,0,0.0,2,0.0,88
amd-jianli12,1,1,4.0,4.0,8.0,8,969.0,0.0,0,0,0.0,1,0.0,59
d0k,1,1,0.0,69.0,69.0,69,148.0,0.0,0,0,0.0,1,0.0,71
allanrenucci,10,5,19.6,16.0,35.6,116,142.8,0.0,0,0,0.0,10,0.0,58
akuegel,12,6,130.58333333333334,110.75,241.33333333333337,1732,190.83333333333337,0.0,0,0,0.0,12,0.0,57
felixwqp,2,2,168.5,28.0,196.5,310,164.0,0.5,0,0,0.0,2,0.0,78
majiddadashi,2,2,77.0,40.5,117.5,229,333.5,0.0,0,0,0.0,2,0.0,90
loislo,1,1,3.0,3.0,6.0,6,206.0,0.0,0,0,0.0,1,0.0,89
edumazet,3,1,19.0,0.6666666666666666,19.666666666666668,53,853.6666666666666,0.0,0,0,0.0,3,0.0,140
slackito,1,1,2876.0,863.0,3739.0,3739,180.0,1.0,0,0,0.0,1,0.0,108
mkrle,1,1,1.0,1.0,2.0,2,449.0,0.0,0,0,0.0,1,0.0,69
moonheelee,1,1,14.0,0.0,14.0,14,1225.0,0.0,0,0,0.0,1,0.0,138
mrpre,1,1,1.0,1.0,2.0,2,2005.0,0.0,0,0,0.0,1,0.0,69
mwajdecz,2,2,6.5,1.0,7.5,11,873.0,0.0,0,0,0.0,2,0.0,153
n132,1,1,25.0,28.0,53.0,53,781.0,1.0,0,0,0.0,1,0.0,154
namjaejeon,1,1,9.0,20.0,29.0,29,359.0,0.0,0,0,0.0,1,0.0,155
nathanchance,1,1,1.0,1.0,2.0,2,1042.0,0.0,0,0,0.0,1,0.0,69
nbd168,3,2,15.0,24.333333333333332,39.333333333333336,109,436.3333333333333,0.3333333333333333,0,0,0.0,3,0.0,156
ncroxon,1,1,8.0,2.0,10.0,10,1402.0,0.0,0,0,0.0,1,0.0,119
ofirbitt,1,1,1.0,1.0,2.0,2,445.0,0.0,0,0,0.0,1,0.0,69
olerem,5,2,10.8,1.2,12.0,29,1244.8,0.0,0,0,0.0,5,0.0,157
drosdeck,1,1,1.0,0.0,1.0,1,386.0,0.0,0,0,0.0,1,0.0,125
pcacjr,1,1,20.0,19.0,39.0,39,1587.0,0.0,0,0,0.0,1,0.0,158
petrpavlu,2,1,1.5,2.0,3.5,4,829.0,0.0,0,0,0.0,2,0.0,159
q2ven,6,3,15.166666666666666,8.0,23.166666666666668,81,1878.3333333333333,0.0,0,0,0.0,6,0.0,160
rafaeljw,2,2,6.5,6.5,13.0,24,625.0,0.0,0,0,0.0,2,0.0,161
sjp38,1,1,3.0,4.0,7.0,7,1036.0,1.0,0,0,0.0,1,0.0,162
sknsean,1,1,1.0,1.0,2.0,2,541.0,0.0,0,0,0.0,1,0.0,69
skotur-brcm,1,1,1.0,1.0,2.0,2,1942.0,0.0,0,0,0.0,1,0.0,69
stefano-garzarella,1,1,1.0,1.0,2.0,2,922.0,0.0,0,0,0.0,1,0.0,69
superm1,1,1,11.0,0.0,11.0,11,1087.0,0.0,0,0,0.0,1,0.0,87
t-8ch,2,1,3.0,2.0,5.0,8,672.5,0.0,0,0,0.0,2,0.0,163
tamird,1,1,1.0,2.0,3.0,3,274.0,0.0,0,0,0.0,1,0.0,50
thejh,1,1,1.0,1.0,2.0,2,1633.0,0.0,0,0,0.0,1,0.0,69
mmhal,3,1,15.333333333333334,3.6666666666666665,19.0,28,822.6666666666666,0.0,0,0,0.0,3,0.0,152
michaello316,1,1,4.0,4.0,8.0,8,715.0,0.0,0,0,0.0,1,0.0,59
tiwai,1,1,3434.0,2006.0,5440.0,5440,234.0,0.0,0,0,0.0,1,0.0,165
metze-samba,1,1,3.0,2.0,5.0,5,1453.0,0.0,0,0,0.0,1,0.0,117
fossdd,1,1,4.0,0.0,4.0,4,739.0,1.0,0,0,0.0,1,0.0,142
hmadhani,1,1,3.0,1.0,4.0,4,909.0,0.0,0,0,0.0,1,0.0,86
honggyukim,4,1,4.75,1.5,6.25,8,1083.75,0.0,0,0,0.0,4,0.0,143
hsiangkao,3,2,10.0,11.666666666666666,21.666666666666668,40,679.0,0.0,0,0,0.0,3,0.0,144
hvilleneuvedoo,1,1,3.0,2.0,5.0,5,972.0,0.0,0,0,0.0,1,0.0,117
iostapyshyn,1,1,1.0,1.0,2.0,2,880.0,1.0,0,0,0.0,1,0.0,145
ioworker0,1,1,28.0,18.0,46.0,46,2231.0,0.0,0,0,0.0,1,0.0,146
isilence,1,1,0.0,3.0,3.0,3,638.0,0.0,0,0,0.0,1,0.0,50
ivitro,1,1,3.0,1.0,4.0,4,3402.0,0.0,0,0,0.0,1,0.0,86
jbfil,1,1,3.0,3.0,6.0,6,611.0,0.0,0,0,0.0,1,0.0,89
jimxbj-dot,1,1,5.0,3.0,8.0,8,921.0,0.0,0,0,0.0,1,0.0,59
jmberg-intel,3,3,102.0,67.0,169.0,498,479.0,0.0,0,0,0.0,3,0.0,147
kevin-brodsky-arm,1,1,26.0,9.0,35.0,35,1590.0,0.0,0,0,0.0,1,0.0,84
kiryl,1,1,2.0,1.0,3.0,3,333.0,0.0,0,0,0.0,1,0.0,50
kuba-moo,15,5,48.266666666666666,22.4,70.66666666666667,663,862.1333333333333,0.0,0,0,0.0,15,0.0,148
l1k,1,1,8.0,8.0,16.0,16,3077.0,0.0,0,0,0.0,1,0.0,149
leitao,1,1,8.0,3.0,11.0,11,910.0,0.0,0,0,0.0,1,0.0,87
leon-yen,1,1,27.0,5.0,32.0,32,573.0,0.0,0,0,0.0,1,0.0,150
liuhangbin,1,1,1.0,1.0,2.0,2,1001.0,0.0,0,0,0.0,1,0.0,69
louis-peens,1,1,2.0,2.0,4.0,4,549.0,0.0,0,0,0.0,1,0.0,86
lucasdemarchi,1,1,1.0,1.0,2.0,2,1937.0,0.0,0,0,0.0,1,0.0,69
matt-auld,1,1,1.0,1.0,2.0,2,1335.0,0.0,0,0,0.0,1,0.0,69
mbrost05,2,1,0.5,0.5,1.0,1,866.5,0.0,0,0,0.0,2,0.0,151
tititiou36,1,1,1.0,0.0,1.0,1,596.0,1.0,0,0,0.0,1,0.0,164
toblux,1,1,1.0,1.0,2.0,2,445.0,0.0,0,0,0.0,1,0.0,69
sohaibiftikhar,3,1,36.666666666666664,16.0,52.666666666666664,99,193.33333333333337,0.0,0,0,0.0,3,0.0,109
andy-shev,1,1,1.0,1.0,2.0,2,998.0,0.0,0,0,0.0,1,0.0,69
alessiob-img,1,1,2.0,2.0,4.0,4,1338.0,0.0,0,0,0.0,1,0.0,86
airlied,6,3,95.33333333333331,43.666666666666664,139.0,445,776.3333333333334,0.0,0,0,0.0,6,0.0,128
Vudentz,4,3,1.5,1.0,2.5,3,403.5,0.0,0,0,0.0,4,0.0,127
ShuichengLin,3,2,11.333333333333334,5.0,16.333333333333332,38,794.3333333333334,0.0,0,0,0.0,3,0.0,126
RichardWeiYang,1,1,1.0,0.0,1.0,1,817.0,0.0,0,0,0.0,1,0.0,125
Panky-codes,1,1,5.0,0.0,5.0,5,1789.0,0.0,0,0,0.0,1,0.0,117
Mixaill,2,2,6.0,0.0,6.0,9,612.5,0.5,0,0,0.0,2,0.0,124
Miriam-Rachel,2,1,3.0,3.5,6.5,9,917.5,0.0,0,0,0.0,2,0.0,123
LuBaolu,1,1,14.0,4.0,18.0,18,1038.0,1.0,0,0,0.0,1,0.0,122
LorenzoBianconi,5,1,33.4,22.8,56.2,86,612.0,0.0,0,0,0.0,5,0.0,121
LeviYeoReum,1,1,2.0,43.0,45.0,45,1638.0,0.0,0,0,0.0,1,0.0,120
JasonXing,1,1,4.0,6.0,10.0,10,1096.0,0.0,0,0,0.0,1,0.0,119
Hakon-Bugge,1,1,1.0,2.0,3.0,3,1263.0,0.0,0,0,0.0,1,0.0,50
zacmustin,1,1,3.0,2.0,5.0,5,79.0,0.0,0,0,0.0,1,0.0,117
ffainelli,3,3,98.33333333333331,2.6666666666666665,101.0,299,915.6666666666666,0.0,0,0,0.0,3,0.0,141
xinxinmo,1,1,39.0,42.0,81.0,81,309.0,1.0,0,0,0.0,1,0.0,116
wsmoses,1,1,3.0,1.0,4.0,4,72.0,0.0,0,0,0.0,1,0.0,86
vsytch,2,1,82.5,22.0,104.5,198,57.5,0.0,0,0,0.0,2,0.0,115
tomnatan30,6,3,29.5,11.333333333333334,40.833333333333336,140,174.33333333333334,0.1666666666666666,0,0,0.0,6,0.0,114
thomasjoerg,2,2,43.5,3.5,47.0,51,345.0,0.0,0,0,0.0,2,0.0,113
terryysun,1,1,9.0,6.0,15.0,15,750.0,0.0,0,0,0.0,1,0.0,112
tensorflower-gardener,86,8,42.38372093023256,26.63953488372093,69.02325581395348,677,126.69767441860463,0.0697674418604651,0,0,0.0,86,0.0,110
dsmertin,1,1,5.0,24.0,29.0,29,183.0,0.0,0,0,0.0,1,0.0,155
aloktiwa,2,2,2.0,5.0,7.0,12,980.0,0.5,0,0,0.0,2,0.0,129
arndb,10,4,19.4,7.0,26.4,116,790.1,0.0,0,0,0.0,10,0.0,130
torvalds,65,12,94.23076923076924,50.76923076923077,145.0,925,1032.6615384615384,0.4153846153846154,0,0,0.0,65,0.0,166
axboe,4,3,11.75,3.75,15.5,34,985.5,0.25,0,0,0.0,4,0.0,131
tq-steina,1,1,1.0,1.0,2.0,2,632.0,0.0,0,0,0.0,1,0.0,69
ukleinek,2,1,4.5,3.0,7.5,13,708.0,0.0,0,0,0.0,2,0.0,153
vanhoefm,1,1,50.0,2.0,52.0,52,1712.0,0.0,0,0,0.0,1,0.0,55
vbnogueira,2,2,26.5,3.5,30.0,37,1543.5,0.5,0,0,0.0,2,0.0,167
veritas501,1,1,1.0,0.0,1.0,1,581.0,0.0,0,0,0.0,1,0.0,125
vivekkreddy,1,1,6.0,3.0,9.0,9,4118.0,0.0,0,0,0.0,1,0.0,168
wangjinchao,1,1,1.0,0.0,1.0,1,1259.0,0.0,0,0,0.0,1,0.0,125
wens,1,1,1.0,1.0,2.0,2,535.0,1.0,0,0,0.0,1,0.0,145
yu-chen-surf,1,1,2.0,27.0,29.0,29,2193.0,0.0,0,0,0.0,1,0.0,155
donnaskiez,1,1,38.0,14.0,52.0,52,1283.0,0.0,0,0,0.0,1,0.0,55
dolcini,1,1,1.0,0.0,1.0,1,1031.0,0.0,0,0,0.0,1,0.0,125
dkruces,1,1,1.0,1.0,2.0,2,874.0,0.0,0,0,0.0,1,0.0,69
dhowells,3,2,5.666666666666667,2.3333333333333335,8.0,20,1306.0,0.0,0,0,0.0,3,0.0,139
df7cb,1,1,8.0,6.0,14.0,14,1249.0,0.0,0,0,0.0,1,0.0,138
dev-aaront-org,1,1,4.0,11.0,15.0,15,1119.0,0.0,0,0,0.0,1,0.0,112
deren,2,1,4.5,0.0,4.5,6,2025.0,1.0,0,0,0.0,2,0.0,137
danvet,4,2,49.75,22.5,72.25,192,1474.5,0.0,0,0,0.0,4,0.0,136
cyndis,1,1,2.0,4.0,6.0,6,433.0,0.0,0,0,0.0,1,0.0,89
cjubran,2,1,1.5,1.0,2.5,4,1487.5,0.0,0,0,0.0,2,0.0,135
chintanv133,1,1,1.0,3.0,4.0,4,695.0,0.0,0,0,0.0,1,0.0,86
chaseyu,3,3,3.6666666666666665,0.0,3.6666666666666665,6,515.3333333333334,0.0,0,0,0.0,3,0.0,134
broonie,2,2,19.5,18.5,38.0,57,1157.0,0.0,0,0,0.0,2,0.0,133
bonzini,4,2,41.5,17.75,59.25,140,868.25,0.0,0,0,0.0,4,0.0,132
panjaney,1,1,1.0,1.0,2.0,2,724.0,0.0,0,0,0.0,1,0.0,69
